<?xml version="1.0" encoding="UTF-8"?>
<metadata xml:lang="en"><Esri><CreaDate>20230511</CreaDate><CreaTime>11250500</CreaTime><ArcGISFormat>1.0</ArcGISFormat><SyncOnce>TRUE</SyncOnce><DataProperties><lineage><Process ToolSource="c:\program files\arcgis\pro\Resources\ArcToolbox\toolboxes\3D Analyst Tools.tbx\Reclassify" Date="20230511" Time="112505">Reclassify DEM_2013_Clip VALUE "73.492355 81.223724 0;NODATA 0" "G:\My Drive\elab\UGvUD\3D_tree_models\data\subset\DEM_2013_subset_zero.tif" DATA</Process></lineage><LayerFile>{"type":"CIMLayerDocument","version":"3.1.0","build":41833,"layers":["CIMPATH=map/dem_2013_subset_zero_tif.json"],"layerDefinitions":[{"type":"CIMRasterLayer","name":"DEM_2013_subset_zero.tif","uRI":"CIMPATH=map/dem_2013_subset_zero_tif.json","sourceModifiedTime":{"type":"TimeInstant"},"useSourceMetadata":true,"description":"DEM_2013_subset_zero.tif","layerElevation":{"type":"CIMLayerElevationSurface","elevationSurfaceLayerURI":"CIMPATH=Map/7f2766aa11fd430c93bd576b77176e10.json"},"expanded":true,"layerType":"Operational","showLegends":true,"visibility":true,"displayCacheType":"Permanent","maxDisplayCacheAge":5,"showPopups":true,"serviceLayerID":-1,"refreshRate":-1,"refreshRateUnit":"esriTimeUnitsSeconds","blendingMode":"Alpha","allowDrapingOnIntegratedMesh":true,"dataConnection":{"type":"CIMStandardDataConnection"},"colorizer":{"type":"CIMRasterUniqueValueColorizer","resamplingType":"NearestNeighbor","fieldName":"Value","groups":[{"type":"CIMRasterUniqueValueGroup","classes":[{"type":"CIMRasterUniqueValueClass","values":["0"],"label":"0","color":{"type":"CIMRGBColor","values":[103.44,135.22,241.97,100]}}],"heading":"Value"}],"colorRamp":{"type":"CIMRandomHSVColorRamp","colorSpace":{"type":"CIMICCColorSpace","url":"Default RGB"},"maxH":360,"minS":33,"maxS":66,"minV":50,"maxV":99,"minAlpha":100,"maxAlpha":100}},"attributeTable":{"type":"CIMRasterTable","displayField":"Value","editable":true}}]}</LayerFile></DataProperties></Esri></metadata>
